"document_id","question","prediction","answer1","answer2","chunk_ids"
"9fb690b50942bf56dea7067546a01298376a3344","Who allowed Stevens to die by disconnecting the life support?","I don't know.","Goodwin","Rutledge","[169, 166, 168, 164, 111]"
"485b86c3ffec91e89fbc846985944adc0cf73c80","Why doesn't Henry destroy the document he found?","Cousin Henry does not destroy the document he found because he is too weak, frightened, and absorbed by the horrors of his situation. He understands the dangers of his position and insists to himself that he has not destroyed the will or hidden it; he only put a book into its own place.","He is afraid of the consequences he would face","He isn't evil enough to do so.","[117, 119, 327, 121, 222]"
"8bfe5ad8b198f6fcab9472f84b14fd6189d94e34","What is the law involved in the first aspect?","The law involved in the first aspect is that every state in which a body can possibly be—consequently that of repose as well as that of any kind of movement—must last for ever without change, diminution, or augmentation, unless some cause supervenes to alter or annul it.","Causality","The law of causality.","[171, 175, 285, 64, 297]"
"5806789ebca66b68e86317d0e09b8a433c236280","The Knight asks the girl to summon who?","The Knight asks the girl to summon the Devil.","Satan","Satan","[98, 119, 100, 96, 52]"
"8bfe5ad8b198f6fcab9472f84b14fd6189d94e34","What cannot become an object for us?","I don't know.","Nothing existing by itself and independent and nothing single nor detached can become an object for us.","nothing single and detached","[144, 145, 457, 197, 781]"
"8932752af63261f435156ff18c41d3da39c3d5c6","Who despises America?","The Earl of Dorincourt despises America. He has always especially disliked America and Americans, and was very much enraged by his son's marriage to an American.","Earl of Dorincourt","The Earl of Dorincourt","[130, 200, 162, 55, 50]"
"9fb690b50942bf56dea7067546a01298376a3344","How was the bomber identified?","I don't know.","he left his wallet behind on the train","wallet ID","[48, 52, 100, 23, 117]"
"485b86c3ffec91e89fbc846985944adc0cf73c80","What is the name of Indefor Jones' manor?","The name of Indefer Jones' manor is Llanfeare.","Llanfeare","Llanfeare.","[15, 420, 435, 13, 216]"
"7d64400e2b3306fa27919b8d155ad87bd7d260c7","What does the blood of Kali do to Indy?","The blood of Kali spills into Indiana's mouth, causing him to gag. He then spits the blood out, spraying Mola Ram and the little Maharajah.","It puts him in a trance and he has to obey the Thugs. ","It puts him into a mindless trance.","[220, 166, 181, 176, 162]"
"9bfa931a5513a490a9cc14f4c5062f5edfbc0f32","Who fled with Alan to Paris?","I don't know.","David and Catriona fled with Alan to Paris.","David and Catriona","[204, 570, 579, 231, 571]"
"dbc088fbc6dd9efb6b6b7d8821f73eb0f1759db4","Which one of Wyatt's brothers is killed?","I don't know.","Morgan","Morgan.","[136, 110, 138, 148, 149]"
"4a92bf273183297c7b9e2a39e4ba9044d0eb1e33","Why did the Purple Enchanter change his mind about helping the Prime Minister's son?","I don't know.","Martin didn't try to flatter him","His lack of flattery","[151, 164, 133, 129, 220]"
"1fa32a0798f79e13ca92ae84eda9ab3eb12c70a4","What kind of dog is Buck?","Buck is a mixed breed dog, half St. Bernard and half Scotch shepherd dog.","A St. Bernard-Scotch Shepard.","ST BERNARD/SCOTCH SHEPHERD MIX","[166, 86, 49, 11, 13]"
"08ac6c0dca91fee93d27c7caf85bb57e17d4fc46","What happen to the hideout spot?","I don't know.","It was blown up","It was blown up","[158, 227, 273, 264, 229]"
"08ac6c0dca91fee93d27c7caf85bb57e17d4fc46","Who was shot in revenge?","I don't know.","The policeman","Policeman","[265, 44, 14, 13, 134]"
"00fb61fa7bee266ad995e52190ebb73606b60b70","Who is sleeping at the beginning of the play?","I don't know.","Echo","Echo","[89, 98, 100, 91, 177]"
"84419aee286a289ad219d380579e3b92ae2b6679","To whom is the obscene letter addressed?","I don't know.","Bree Daniels","Bree Daniels","[7, 98, 50, 128, 129]"
"08ac6c0dca91fee93d27c7caf85bb57e17d4fc46","Where were the documents hidden?","I don't know.","At Ben's house","At Ben's house.","[275, 134, 136, 273, 263]"
"22d1af3e29dc599ec0634fe860359027adea6944","When did the wife of Manston leave the inn?","Mrs. Manston left the inn on the twenty-eighth of November, about twelve o'clock in the day.","Before the inn caught fire.","She left before the fire started","[413, 423, 690, 473, 688]"
"5806789ebca66b68e86317d0e09b8a433c236280","The Squire saves who?","I don't know.","A servant girl from being raped by a man robbing a corpse","the servant girl","[13, 7, 97, 79, 60]"
"86fc18a4b6b2079beea7ee8c92ec1850d24a04e2","Why does Ahmed constantly punish Diana?","I don't know.","she is English","Because she is of English descent, and he is ingratiated to hate the English.","[347, 468, 385, 475, 100]"
"8fd8d776e178272a36766df5b6971d4b5dda9d86","Who does tiny trot make a wish to see?","Tiny Trot wished to see a mermaid.","a mermaid","A mermaid.","[68, 38, 9, 34, 192]"
"00fb61fa7bee266ad995e52190ebb73606b60b70","What are people arguing about as the story begins?","The children are arguing about who should speak the prologue of the play. One child claims possession of the cloak and pleads for support, while another insists they have the right to speak it because they studied it first. The third child expresses their intention to reveal the argument of the play beforehand since they will not be allowed to speak the prologue.","A black cloak ","the black cloak ","[89, 91, 44, 179, 237]"
"5806789ebca66b68e86317d0e09b8a433c236280","Raval forced the juggler to do what?","Raval forced the juggler, JOF, to stand on his head, dance, and imitate a bear.","Dance on the tabled like a bear.","Dance on the tables at a public house.","[76, 56, 75, 54, 15]"
"dbc088fbc6dd9efb6b6b7d8821f73eb0f1759db4","What profession has Wyatt Earp retired from?","Wyatt Earp has retired from being a lawman, as he mentions he gave all that up and is going into business.","The role of Peace Officer.","Peace officer","[43, 22, 188, 97, 54]"
"bff116935a9696fc3351f49dd8a45a1ad9986458","What country is the story set in?","I don't know.","Spain","Spain","[167, 78, 75, 16, 46]"
"f91675dfda3bf99e3668a7f1ff06f9eacedaf28c","Before the Appalachian people are discovered to have there own dialect, why do people think they talk the way they do?","People assumed that the Appalachian highlanders came from the more venturesome or desperate element of the ""poor whites"" and differed from these only to the extent that environment had shaped them. This theory was accepted generally without historical basis and was used to explain their speech and social conditions.","they are uneducated","They are uneducated.","[391, 393, 506, 553, 28]"
"84419aee286a289ad219d380579e3b92ae2b6679","Frank Ligourin is what to Bree Daniels?","Frank Ligourin is someone who gets to Bree somehow and probably always will.","Former pimp","Her former pimp","[56, 54, 25, 123, 41]"
"caf8d1c02839b265efafa097df884f48f1b430e1","Who owned the House Of Seven Gables in the Mid Nintenth century?","I don't know.","Hepzibah Pyncheon.","Matthew Maule","[7, 781, 0, 1, 37]"
"8bfe5ad8b198f6fcab9472f84b14fd6189d94e34","What must follow if cause is a given?","If a cause is a given, a second equally definite state, known as the effect, must inevitably ensue by rule, meaning it always follows the cause.","Effect","The effect.","[149, 151, 171, 172, 481]"
"caf8d1c02839b265efafa097df884f48f1b430e1","What crime was Matthew Maule accused of?","Matthew Maule was accused of witchcraft.","Witchcraft","practicing witchcraft","[474, 26, 28, 75, 27]"
"8932752af63261f435156ff18c41d3da39c3d5c6","What english lawyer visits Cedric and his mother?","The English lawyer who visits Cedric and his mother is Mr. Havisham.","Havisham","Havisham","[90, 53, 383, 354, 36]"
"6b1832c46e0b3566463444ec9209b8f1ed6c7ac6","Where does Rogan go during opening night of his latest play?","I don't know.","Rogan goes to a bar. ","To a bar","[67, 54, 11, 53, 5]"
"3753ff3da0842f8a1609e3cee8bb506c3b5b63f2","What war was Whale in?","Whale was in World War I.","World War One.","World War I","[92, 117, 53, 99, 118]"
"9bfa931a5513a490a9cc14f4c5062f5edfbc0f32","How did David stay up to date of Catriona's welfare while they were apart?","David stayed up to date on Catriona's welfare through his cousin, Miss Grant, who conveyed news to him.","David pays James More in return for news of Catriona's welfare.","David sends money to James in return for news about her.","[368, 367, 182, 365, 335]"
"dd2d1de84e1da738d7e13f2288e75f0ca49dd1f7","How does Lateesha throw off the FBI about the robbery?","I don't know.","She states that Francis and his brother and two friends are the ones doing the robbery. ","By telling them that her brother Frances is going to commit the robbery","[95, 92, 93, 88, 87]"
"829bd66e747e61902f22af2c0ff0d4f8090d2242","What does Beerbohm say is the one habit that makes Soames noticable?","I don't know.","He always wears the same gray cape and soft black hat","His wardrobe of choice.","[25, 57, 66, 39, 1]"
"5806789ebca66b68e86317d0e09b8a433c236280","Jof who is also a juggler, has visions of what?","JOF has visions of the Virgin Mary.","God and Mary","Jesus and Mary ","[15, 19, 84, 120, 26]"
"485b86c3ffec91e89fbc846985944adc0cf73c80","What does Henry do for a living?","I don't know.","He is a clerk in London.","London clerk.","[173, 373, 16, 113, 239]"
"36cdfca4aa4ecf0692b4c17f8fdc5c22dcf4d2e5","To whom did Johnny graphically explain how they be killed in the lift?","Johnny graphically explained how they would be killed in the lift to Danny, Mickey, and Roman.","Roman and Mickey","Roman and Mickey","[159, 151, 160, 146, 102]"
"90c5a4e276e3f9dec41d7be579052b9327f56197","When Josie was in high school the first time, what type of person was she?","Josie was a geek to the core, spending most of her childhood years doing extra homework she requested from the teacher. She experienced bullying and was not accepted by her peers, as she mentioned that all she wanted was to be accepted, but they just tortured her.","A geek","A geek","[159, 157, 48, 33, 58]"
"829bd66e747e61902f22af2c0ff0d4f8090d2242","What did T.K. Nupton think of Soames' existance?","T.K. Nupton thought that Enoch Soames might be a figment of the narrator's brain, indicating a belief that Soames' existence was questionable or perhaps even imaginary.","He thought he was a fictional character.","that it was fictional","[66, 25, 62, 26, 28]"
"f91675dfda3bf99e3668a7f1ff06f9eacedaf28c","What creature did Kephart go hunting for?","I don't know.","He and crew hunted for a bear.","A bear.","[120, 106, 105, 136, 86]"
"84419aee286a289ad219d380579e3b92ae2b6679","To whom does Klute trace the obscene letters?","I don't know.","Peter Cable","Cable","[7, 15, 96, 98, 50]"
"8fd8d776e178272a36766df5b6971d4b5dda9d86","Who is Trot's companion?","Trot's companion is Cap'n Bill.","Cap'n Bill Weedles","Cap'n Bill","[192, 7, 266, 68, 129]"
"7d64400e2b3306fa27919b8d155ad87bd7d260c7","Who is a sacrifice?","The sacrificial victim is an unfortunate, struggling Indian who is tied onto a square iron frame and has his heart ripped out by Mola Ram.","Willie","Willie.","[141, 138, 143, 140, 189]"
"8932752af63261f435156ff18c41d3da39c3d5c6","What state did Benjamin move to?","California.","California","California ","[342, 384, 19, 399, 373]"
"3753ff3da0842f8a1609e3cee8bb506c3b5b63f2","What did Boone do to help Whale?","I don't know.","Pose for his drawings","gardener","[99, 30, 54, 91, 23]"
"51f816f54645196b0a8f588f9ae955de103565f7","Where was Sylvia and Mary while Peter was at the airport?","I don't know.","Back at Peters apartment as she didn't want to raise Mary alone","At home","[167, 141, 143, 142, 140]"
"7624f5ec68a86da9bc7120192f863e824c675925","How does Zoza reveal the slave queen?","I don't know.","disguises herself as a story teller and tells the story of the slave queen","In the final story.","[601, 600, 11, 12, 120]"
"808df2952d2a29807de69db8f77608025f667c97","Why is Otto horrified when he discovers his father killed Baron Frederick?","Otto is horrified because he cannot reconcile the image of his kind father with the act of killing a man with his own hands. He is deeply affected by the old woman's story and struggles to understand how his father could commit such an act, leading him to cry and express his fear and confusion about the violent world outside the monastery.","Baron Frederick was surrendering.","Baron Federick was defeated and surrendering be fore he was killed.","[86, 154, 124, 88, 87]"
"36cdfca4aa4ecf0692b4c17f8fdc5c22dcf4d2e5","Who is the leader of the Wild Bunch?","I don't know.","One-Two.","One-Two","[92, 161, 112, 108, 115]"
"36cdfca4aa4ecf0692b4c17f8fdc5c22dcf4d2e5","Who doublecrossed Uri to help others steal the money?","I don't know.","Stella","Stella","[162, 119, 18, 118, 164]"
"4a92bf273183297c7b9e2a39e4ba9044d0eb1e33","Who helped the King's daughter find the Prime Minister's son?","I don't know.","a pine dwarf","a pine dwarf","[129, 151, 164, 152, 93]"
"1fa32a0798f79e13ca92ae84eda9ab3eb12c70a4","Who is the outdoors-man who noticed the dogs being poorly treated?","I don't know.","John Thorton","John Thornton","[143, 148, 147, 153, 46]"
"90c5a4e276e3f9dec41d7be579052b9327f56197","Where do Guy and his friends hangout?","Guy and his friends hang out at ""The Court,"" which is described as the old drive-in.","The Court","The Court","[53, 122, 68, 87, 73]"
"51f816f54645196b0a8f588f9ae955de103565f7","Where did Sylvia not end up going?","I don't know.","London","London","[141, 145, 143, 160, 164]"
"f91675dfda3bf99e3668a7f1ff06f9eacedaf28c","The killing of Hoe Rose was base on the event that occured in what year?","I don't know.","1920.","1920","[490, 455, 480, 478, 471]"
"51f816f54645196b0a8f588f9ae955de103565f7","What was in the package?","The package contained little individual packets of white powder.","Heroin","heroin","[60, 58, 71, 62, 97]"
"1fa32a0798f79e13ca92ae84eda9ab3eb12c70a4","How was Back saved from drowning?","Buck was saved from drowning when Hans and Pete dragged him ashore after he was caught in the current. They then attached a rope to Buck's neck and shoulders and launched him back into the stream to rescue Thornton. After Buck struck out into the water, he was jerked under the surface by the rope but eventually managed to reach Thornton, who grasped his tail. Together, they were pulled to the bank, where Thornton and the others helped revive Buck after he had been half drowned.","Thornton hit one of Buck's new owners and took him ","Thornton set him free from the rest of the pack.","[182, 180, 183, 181, 179]"
"9fb690b50942bf56dea7067546a01298376a3344","Who developed the ""Source Code""?","I don't know.","Dr. Rutledge","dr. rutledge","[76, 1, 107, 143, 153]"
"22d1af3e29dc599ec0634fe860359027adea6944","Who is Grayes' employer?","Mr. Gradfield is Graye's employer.","Miss Aldclyffe","Miss Aldclyffe","[43, 828, 644, 9, 341]"
"84419aee286a289ad219d380579e3b92ae2b6679","What is the name of the prostitute who pased the abusive client onto Bree and Arlyn Page?","I don't know.","Jane McKenna","Jane McKenna","[75, 83, 77, 35, 73]"
"caf8d1c02839b265efafa097df884f48f1b430e1","How long did Clifford serve time for man slaughter ?","I don't know.","30 years.","thirty years","[371, 615, 764, 585, 334]"
"1fa32a0798f79e13ca92ae84eda9ab3eb12c70a4","What happened to Back after he avenged Thornton's death?","I don't know.","he was attacked by wolves","He is attacked by a pack of wolves.","[235, 183, 161, 177, 192]"
"36cdfca4aa4ecf0692b4c17f8fdc5c22dcf4d2e5","What is Johnny Quid's relationship to Lenny?","Johnny Quid is portrayed as Lenny Cole's son. Lenny expresses resentment towards Johnny, blaming him for the negative impact he has had on their family, including driving his mother to substance abuse and causing his father's departure.","Stepson.","Stepson","[148, 147, 72, 149, 136]"
"e2fde9209d27595d3436ec97714d2e8a065721c7","WHat years are referenced in the story?","The year 1969 is referenced in the story.","1969 and 2012","1969 2012","[20, 58, 52, 22, 54]"
"8932752af63261f435156ff18c41d3da39c3d5c6","Who is the Earl of Dorincourt to Cedric Errol? ","The Earl of Dorincourt is Cedric Errol's grandfather.","His grandfather","Cedric's grandfather.","[355, 49, 353, 361, 247]"
"08ac6c0dca91fee93d27c7caf85bb57e17d4fc46","Why does Ben decide to support a group of blacks?","I don't know.","He does this so they can interview others about what happened to Gordon.","He sees their helplessness after Gordon is taken","[157, 186, 124, 176, 185]"
"dbc088fbc6dd9efb6b6b7d8821f73eb0f1759db4","Who kills Curly Bill?","Wyatt kills Curly Bill.","Wyatt","The leader of the Cowboys.","[73, 91, 149, 72, 75]"
"90c5a4e276e3f9dec41d7be579052b9327f56197","Who helps draw Josie into the cool crowd?","I don't know.","Her brother Rob.","Rob","[148, 111, 124, 58, 55]"
"4a92bf273183297c7b9e2a39e4ba9044d0eb1e33","What does Bobolink know?","Bobolink knows everything.","Everything","Everythin","[134, 132, 138, 135, 133]"
"86fc18a4b6b2079beea7ee8c92ec1850d24a04e2","Why does Ahmed hate English people?","Ahmed hates English people because he feels betrayed by his father, who sent him to England without explanation, and he has developed a monomania of hatred towards the English since learning the truth about his heritage. He cursed his father and all English people impartially after being told the story of his background.","Ahmed's father was of Enflish descent and terribly mistreated Ahmed's mother.","his English father mistreated his mother","[518, 541, 540, 384, 539]"
"7624f5ec68a86da9bc7120192f863e824c675925","What did Zoza have to do?","Zoza had to continue her story despite Taddeo's wife, recounting her sorrows and the misfortunes she faced, including the old woman's curse and her painful wanderings. She also had to deal with the loss of the pitcher and her hopes, and ultimately, she gave Taddeo the doll after praying for it to inspire the Slave to hear her stories.","To marry she had to fill a jar with her tears in a certain number of days.","fill a pitcher with her tears in three das","[601, 600, 12, 11, 17]"
"e2fde9209d27595d3436ec97714d2e8a065721c7","What do K J and Boris use to get to the Apollo 11?","I don't know.","jetpacks","jetpacks","[117, 119, 120, 111, 113]"
"829bd66e747e61902f22af2c0ff0d4f8090d2242","Which descriptions of the future world does Soames provide upon his return?","Soames describes the future world as having a crowd that looks very similar to one another, all dressed in a grayish-yellowish uniform made of sanitary woolen. He notes that they have a number on a large disk of metal strapped around their left arm, indicating a sort of identification system. He also mentions that the people, both men and women, appear very well cared for, giving a Utopian impression, and they smell strongly of carbolic. Additionally, he is uncertain whether the individuals are hairless or shorn.","Vague and nondescript","ones that are vague","[46, 48, 64, 66, 52]"
"7624f5ec68a86da9bc7120192f863e824c675925","What does the princesses father do for her?","The princess's father, who is a widower, keeps a governess for her, who teaches her chain-work, knitting, and point-lace, and shows her great affection. He also goes to Sardinia on affairs of state and asks his stepdaughters what they would like him to bring back, but he forgets his own daughter's request to commend her to the Dove of the Fairies.","He does puts oil down for people to slip and fall to get her to laugh.","tries to get her to laugh","[111, 109, 102, 105, 7]"
"808df2952d2a29807de69db8f77608025f667c97","Who is the main protagonist in the story?","I don't know.","Otto","Otto","[142, 145, 34, 5, 155]"
"90c5a4e276e3f9dec41d7be579052b9327f56197","Why does Josie get assigned to go undercover at a high school?","I don't know.","to help parents become more aware of their child's lives","to help parents become more aware of their child's life","[157, 40, 30, 34, 58]"
"8932752af63261f435156ff18c41d3da39c3d5c6","What type of business did Benjamin open in California?","I don't know.","A cattle ranch","a cattle ranch","[373, 342, 384, 19, 371]"
"3753ff3da0842f8a1609e3cee8bb506c3b5b63f2","Who is Clayton Boone to James at the beginning of the story? ","I don't know.","He is his gardener. ","His gardener.","[135, 25, 137, 60, 43]"
"808df2952d2a29807de69db8f77608025f667c97","Instead of death, how does Baron Henry treat Otto?","I don't know.","He cuts off his right hand","He cuts off his right hand","[118, 87, 154, 168, 117]"
"1fa32a0798f79e13ca92ae84eda9ab3eb12c70a4","Who does Buck return as every year?","I don't know.","Ghost dog","the Ghost Dog of the Northland Legend","[210, 37, 209, 184, 190]"
"36cdfca4aa4ecf0692b4c17f8fdc5c22dcf4d2e5","Who proposes to Stella?","I don't know.","Uri.","Uri.","[84, 164, 58, 24, 48]"
"22d1af3e29dc599ec0634fe860359027adea6944","Who did manston attempt to kidnap in the end and was stopped by whom?","I don't know.","manston attempts to kidnap Cytherea and is stopped by Edward.","Cytherea and Edward.","[930, 885, 448, 949, 862]"
"f91675dfda3bf99e3668a7f1ff06f9eacedaf28c","Where does Mr. Quick's manhunt take him?","I don't know.","Mr. Quick travels to the Sugarlandds, near Gatlinburg, Tenn.","The Sugarlands","[278, 186, 106, 239, 141]"
"84419aee286a289ad219d380579e3b92ae2b6679","What was the name of Daniel's former pimp?","I don't know.","Frank Ligourin","Frank Ligourin  ","[35, 78, 77, 113, 76]"
"8fd8d776e178272a36766df5b6971d4b5dda9d86","What is Trot's father's occupation?","Trot's father, Charlie Griffiths, was the Captain's mate and later became the captain of the little schooner ""Anemone.""","Captain","Sea captain","[7, 39, 15, 200, 192]"
"e6d47a92b3685cd9e04fcfe5383672de78cd124a","What position did Brody hold before the town council voted him out?","Brody was the Chief of Police.","Brody was the police Chief of Amity","Police Chief.","[61, 93, 108, 67, 21]"
"7d64400e2b3306fa27919b8d155ad87bd7d260c7","Who is the missing stone returned to?","The missing stone is returned to the village's shaman and the village elders.","The villagers","The villagers.","[224, 146, 222, 66, 145]"
"7624f5ec68a86da9bc7120192f863e824c675925","What happened to the woman who took the tears?","The woman who took the tears, referred to as the Slave, was found out by Taddeo after Zoza's tears revealed the truth. Taddeo scolded Lucia, the Slave, and made her confess her treachery. He then ordered that she should be buried alive up to her neck, so she would die a more painful death.","She is having a baby and wantsthe prince to tell her tales or she will hurt the child in her stomach.","she married the princess","[10, 6, 555, 9, 601]"
"86fc18a4b6b2079beea7ee8c92ec1850d24a04e2","Why does Diana put a gun to her own head?","I don't know.","She doesn't want to leave Ahmed.","suicide","[79, 198, 121, 144, 479]"
"bff116935a9696fc3351f49dd8a45a1ad9986458","Where does this story take place?","I don't know.","Spain","Spain","[167, 75, 46, 45, 157]"
"6b1832c46e0b3566463444ec9209b8f1ed6c7ac6","Why didn't Nicky kill the critic?","I don't know.","The critic was also devastated because of the game.","HE was also upset the red sox lost ","[76, 107, 11, 29, 75]"
"36cdfca4aa4ecf0692b4c17f8fdc5c22dcf4d2e5","What did Johnny Quid steal from Lenny?","I don't know.","Uri's Lucky painting","Uri's lucky painting.","[148, 147, 71, 155, 149]"
"9bfa931a5513a490a9cc14f4c5062f5edfbc0f32","How does Jame More die?","James was hanged.","From an illness","from an illness","[576, 375, 540, 553, 568]"
"5806789ebca66b68e86317d0e09b8a433c236280","The Knight enjoyed a picnic containing what?","The Knight enjoyed a picnic containing wild strawberries and milk.","Milk and wild strawberries","milk and strawberries","[83, 13, 82, 88, 7]"
"7624f5ec68a86da9bc7120192f863e824c675925","Why is the old woman so upset?","The old woman is upset because she is reminded of a promise that the mother of Parsley made to her, which she wants fulfilled. Additionally, she becomes enraged when a young page insults her after she curses him for breaking a pitcher.","someone broke her jar and the princess laughed at her dancing.","The page boy broke her pitcher.","[442, 4, 187, 3, 82]"
"3753ff3da0842f8a1609e3cee8bb506c3b5b63f2","Why was Clayton uncomfortable with his friendship with James? ","I don't know.","Because he was a known homosexual. ","James was gay and Clayton was straight; unsure as to what James' intentions with their friendship may be should he want it to become more.","[137, 59, 91, 74, 135]"
"7d64400e2b3306fa27919b8d155ad87bd7d260c7","Who owns the plane that Indiana Jones flees on?","I don't know.","Lao","Lao Che","[40, 45, 37, 44, 36]"
"4a92bf273183297c7b9e2a39e4ba9044d0eb1e33","Who do Martin and Princess Petulant go to see?","They go to see Martin, who is waiting for Princess Petulant in a glass palace.","the Toymaker","Toymaker","[129, 130, 156, 154, 163]"
"7624f5ec68a86da9bc7120192f863e824c675925","What are the results of the curse?","The results of the curse are that the Prince is spellbound by the beauty of the daughter and the arts of the mother, unable to escape and obliged to remain. He is also ordered about by the mother-in-law with a cudgel in her hand and given bread with a little fork, leading him to lament over the beans he has spilled on the ground. The old woman's curses affect him so profoundly that he nearly jumps out of his skin.","The princess is very sad and down.","Zoza would only be able to marry the Prince of Round-Field.","[262, 200, 367, 324, 40]"
"e6d47a92b3685cd9e04fcfe5383672de78cd124a","What does Brody find along with the debris from the speedboat?","I don't know.","The driver's burnt remains","Burnt remains of the person that was steering the boat.","[34, 115, 98, 119, 121]"
"4a92bf273183297c7b9e2a39e4ba9044d0eb1e33","What does the princess put in her ears?","The princess puts cotton wool in her ears.","cotton","Cotton","[155, 209, 220, 221, 212]"
"22d1af3e29dc599ec0634fe860359027adea6944","Why did cytherea marry manston?","I don't know.","she married him to help his sick brother.","she has a sick brother","[721, 938, 994, 527, 706]"
"51f816f54645196b0a8f588f9ae955de103565f7","Why did Peter and Michael give Mary to the drug dealers?","I don't know.","Because they thought that she was the package.","It was an accident.","[70, 68, 97, 72, 75]"
"90c5a4e276e3f9dec41d7be579052b9327f56197","How does Sam react to his feelings for Josie?","Sam expresses disbelief and frustration about his feelings for Josie. He reveals that he was attracted to her but feels conflicted because she is his student and he thought he was being unethical. He also mentions that he was considering waiting for her, but ultimately tells her that he can't look at her the same way anymore.","Sam struggles.","He feels they are inappropriate because he's a teacher and he thinks she's an actual student","[151, 152, 99, 168, 154]"
"3753ff3da0842f8a1609e3cee8bb506c3b5b63f2","What did Clayton do when James detailed his past sexual exploits?","I don't know.","He stormed out and then later made him agree to never speak of his homosexuality to him again. ","He stormed out.","[137, 74, 25, 104, 82]"
"dd2d1de84e1da738d7e13f2288e75f0ca49dd1f7","What happens to Frances, his brother and two friends after the shooting at the trailer home?","Frances, Chuckie, Carl, and Lester are buried up to their necks in the sand in the desert. They are sunburned and upset while FBI agents are grilling them to get information.","The bounty hunters delver Frances, his brother and two friends to Bishop Drake as the robbers of the $10 million dollars.","they were arrested by the bounty hunters","[2, 140, 155, 16, 179]"
"caf8d1c02839b265efafa097df884f48f1b430e1","How long was Clifford in jail?","I don't know.","thirty years","during his youth","[371, 425, 615, 585, 334]"
"7624f5ec68a86da9bc7120192f863e824c675925","What did she have to do with the tears?","Zoza wept incessantly, filling a pitcher with her tears until it was full within two inches of the top.","She had to give them to the prince she was to marry.","fill a pitcher in three days","[6, 10, 539, 555, 294]"
"e2fde9209d27595d3436ec97714d2e8a065721c7","Who escapes the maximum security prison in 2012?","Yaz and Devil Girl escape the maximum security prison.","Boris the Animal","Boris. ","[7, 3, 17, 73, 13]"
"1fa32a0798f79e13ca92ae84eda9ab3eb12c70a4","What type of dog is he trained to be in Canada? ","I don't know.","sled dog","sled dog","[54, 115, 49, 42, 44]"
"22d1af3e29dc599ec0634fe860359027adea6944","Who does edward marry in the end?","I don't know.","edward marries cytherea.","Cytherea.","[717, 491, 663, 492, 716]"
"7624f5ec68a86da9bc7120192f863e824c675925","How many days were given to Zoza to find her prince in the curse?","Three days.","3 days","Three.","[5, 601, 12, 11, 600]"
"dd2d1de84e1da738d7e13f2288e75f0ca49dd1f7","Why does Domino collect $300,000 from Bishop Drake?","Domino collects $300,000 from Bishop Drake to pay for the entire operation related to the medical needs of Meeka, as Lateesha states they need to collect that fee right now.","Domino gets the $300,000 as a reward for returning the $10 million dollars that were stolen from Bishop Drake. The $300,000 is needed for Mica's operation.","to give to leteesha","[99, 185, 108, 15, 182]"
"9bfa931a5513a490a9cc14f4c5062f5edfbc0f32","Who betrayed Alan and accused his falsely?","I don't know.","James More.","James ","[313, 20, 231, 75, 556]"
"e2fde9209d27595d3436ec97714d2e8a065721c7","What are the agents initals?","I don't know.","Agent K and J ","K, J and O","[99, 114, 97, 103, 102]"
"8932752af63261f435156ff18c41d3da39c3d5c6","Who do the tenants think does all of their kind things?","The tenants think that Lord Fauntleroy's grandfather does all of their kind things.","Cedric","the child","[240, 217, 141, 92, 276]"
"6b1832c46e0b3566463444ec9209b8f1ed6c7ac6","Whom was Steven in bed with when Nicky burst into his room?","I don't know.","The playwright's daughter.","The playwrights daughter","[107, 105, 60, 111, 106]"
"485b86c3ffec91e89fbc846985944adc0cf73c80","Why is Henry able to return to his job, reputation intact?","Cousin Henry is able to return to his job with his reputation intact because the directors in London regarded him as having been unfortunate rather than guilty, following the declaration in the _Carmarthen Herald_ that the proper will had been found and that Miss Isabel Brodrick was to be restored to her rights.","Because he did not destroy the will.","Because he did not destroy the will.","[308, 403, 222, 378, 251]"
"f91675dfda3bf99e3668a7f1ff06f9eacedaf28c","What does the people of the hill describes?","The people of the hills are described as a strange race with a definite type that predominates among them, largely due to their shared descent, lifestyle, and intermarriage. They are rugged and hardy despite unsanitary conditions, valuing pure air and water. They refer to themselves as mountain people or citizens, and they have a calm fortitude and good-humor in facing life's challenges. The text emphasizes that the average mountain home is a happy one, and the real mountaineers are interesting because they preserve traits and manners from ancient times, representing a distinct remnant of an Anglo-Saxon past.","The Mountaineers, typical physicals traits, ability and condttions.","It describes their wiliness and endurance to survive in the mountains. ","[290, 309, 284, 347, 331]"
"485b86c3ffec91e89fbc846985944adc0cf73c80","Where does Henry live?","I don't know.","London","London.","[16, 308, 158, 39, 173]"
"7d64400e2b3306fa27919b8d155ad87bd7d260c7","Who do the thugs worship?","They worship Kali, the goddess of Death and Destruction.","The hindu goddess","the Hindu Goddess Kali","[139, 138, 102, 156, 159]"
"e6d47a92b3685cd9e04fcfe5383672de78cd124a","How did the shark die?","The shark died after it clamped down on a thick cable, which then split open, exposing a live copper core. When the shark bit into the cable, hundreds of thousands of volts surged through its body, causing it to leap and convulse before dying.","It bites an electrical cable and is electrocuted ","he was electrocuted","[120, 32, 104, 103, 82]"
"7d64400e2b3306fa27919b8d155ad87bd7d260c7","From where does Indy flee on an airplane?","I don't know.","Shanghai","Shanghai","[48, 53, 37, 44, 51]"
"00fb61fa7bee266ad995e52190ebb73606b60b70","WHAT DOES A DRINK FROM NARCISSUS'S SPRING CAUSE THE DRINKER TO DO?","I don't know.","FALL IN LOVE WITH THEMSELVES","Grow dotingly enamored with themselves ","[115, 172, 122, 251, 170]"
"caf8d1c02839b265efafa097df884f48f1b430e1","Why was Clifford depressed?","Clifford was depressed due to a mysterious and terrible past that had annihilated his memory, leaving him with a blank future and only a visionary and impalpable present. He felt a deep sense of solitude and torment, as he was an example of people whom an inexplicable Providence continually puts at cross-purposes with the world, breaking their nature's promise and withholding their proper food. Additionally, he experienced a profound emotional response to the ugliness of life, which contributed to his sadness.","He was isolation from humanity and lost his youth in prison. ","He completed a 30 year murder sentence for something he didn't do","[370, 384, 414, 416, 615]"
"dbc088fbc6dd9efb6b6b7d8821f73eb0f1759db4","What rule does Virgil make when he becomes the new marshal?","I don't know.","A ban on weapons in city limits.","A weapons ban within the city limits. ","[81, 100, 77, 122, 23]"
"7624f5ec68a86da9bc7120192f863e824c675925","Who's name means ""mud"" and ""slime"" in Neapolitan?","I don't know.","Zoza","Zoza","[122, 572, 89, 418, 565]"
"7624f5ec68a86da9bc7120192f863e824c675925","Who lives happily ever after?","The Prince and Filadoro live happily ever after.","Zoza and the Prince","Zoza and the prince.","[213, 156, 283, 396, 595]"
"84419aee286a289ad219d380579e3b92ae2b6679","John Klute has a romantic relationship with whom?","I don't know.","Bree Daniels","The callgirl Bree Daniels.","[104, 7, 62, 73, 79]"
"dd2d1de84e1da738d7e13f2288e75f0ca49dd1f7","Why does Lateesha tell the FBI that Frances is going to commit the robbery?","I don't know.","Lateesha tells the FBI that Frances will commit the robbery so the FBI doesn't watch her (since she is going to carry out the robbery). ","Because the FBI are going to throw her in jail unless she gives them information","[95, 4, 7, 5, 6]"
"9fb690b50942bf56dea7067546a01298376a3344","What is the experimental device called that allows Stevens to repeatedly experience the last eight minutes of someone else's life?","I don't know.","Source Code.","Source Code","[118, 117, 168, 53, 77]"
"7d64400e2b3306fa27919b8d155ad87bd7d260c7","While Indy is traveling with Willie Scott and Short Round on the plane what happens to the pilot?","The pilot hurries out of the cockpit and grabs his parachute as he heads toward the back.","He parachutes out of the plane. ","The pilots parachute out of the plane.","[48, 46, 37, 53, 44]"
"90c5a4e276e3f9dec41d7be579052b9327f56197","Why does Josie throw away her crown and reveal who she is?","Josie throws away her crown and reveals who she is because she is frustrated with the way people, like Guy and Gibby, have been keeping others down. She wants to express that she doesn't care about being prom queen and emphasizes that she is twenty-five years old, indicating her desire to be true to herself rather than conform to the expectations of others.","because the mean girls tried to dump dog food on Aldys","The popular kids are mean to Aldys","[148, 147, 72, 116, 47]"
"f91675dfda3bf99e3668a7f1ff06f9eacedaf28c","What does the law of the wilderness discuss?","The law of the wilderness discusses the idea that when the wilderness was settled by white men, courts were weak, and every man was a law unto himself. It highlights the emergence of clan loyalty and family leagues for mutual protection, as society was not organized for that purpose. The slogan ""My family _right or wrong_!"" reflects the strong allegiance to family over legal systems in the mountains.","The mountaineers.","It discusses the mountaineers persistence to become independent, developing a tight family bond, and their relationship with the government.","[433, 87, 86, 443, 83]"
"dbc088fbc6dd9efb6b6b7d8821f73eb0f1759db4","Where does the fight take place when many Cowboys and Billy Clanton are killed?","The fight takes place at Rustlers Park.","The OK Corral","The O.K. Corral ","[90, 135, 110, 99, 86]"
"dd2d1de84e1da738d7e13f2288e75f0ca49dd1f7","How is the Stratosphere destroyed?","I don't know.","Alf uses plastic explosives in a bag and a remote detonator to blow-up the Stratosphere.","It is blown up by Alf","[182, 173, 175, 97, 176]"
"84419aee286a289ad219d380579e3b92ae2b6679","Bree Daniels suffers from what paranoia?","I don't know.","That she is being watched.","being watched","[31, 44, 70, 34, 83]"
"7624f5ec68a86da9bc7120192f863e824c675925","Why was a curse put on Zoza by the old woman?","The old woman put a curse on Zoza as a wish in return for Zoza's scoffing and jeering at her.","Zoza laughed at the woman when her pail broke and she danced about with anger","She is not able to laugh.","[600, 601, 12, 5, 6]"
"bff116935a9696fc3351f49dd8a45a1ad9986458","Which character is Jamies nephew? ","I don't know.","Ascanio","ascanio","[2, 111, 148, 18, 8]"
"f91675dfda3bf99e3668a7f1ff06f9eacedaf28c","What is Appalachian clan fighting similar to?","Appalachian clan fighting is similar to Corsican vendettas, Corsican clannishness, and the behaviors of other clans such as those in Kentucky, Sicily, Albania, and among Arabs.","It's similar to Corsiccan Vendettas.","Corsican vendettas","[487, 443, 496, 464, 448]"
"7d64400e2b3306fa27919b8d155ad87bd7d260c7","Who leads the thugs?","Mola Ram is the High Priest of the Thuggee cult and leads the thugs.","Mola Ram","Mola Ram","[156, 139, 102, 151, 218]"
"e6d47a92b3685cd9e04fcfe5383672de78cd124a","What does Brody hit the power cable with?","I don't know.","An Oar","An oar.","[120, 118, 108, 115, 116]"
"6b1832c46e0b3566463444ec9209b8f1ed6c7ac6","Whom caused Rogan to buy a gun over?","I don't know.","Steven Schwimmer irritated Rogan enough to lead him to get a gun. ","Steven Schwimmer","[79, 75, 67, 76, 85]"
"08ac6c0dca91fee93d27c7caf85bb57e17d4fc46","What are the results of Ben bringing the incidents to court?","I don't know.","They lost","He loses his case. ","[7, 177, 184, 80, 8]"
"8bfe5ad8b198f6fcab9472f84b14fd6189d94e34","What is the first aspect?","I don't know.","Becoming","Becoming.","[569, 261, 260, 114, 112]"
"8fd8d776e178272a36766df5b6971d4b5dda9d86","What defeats Zog?","I don't know.","The forces of good","The power of goodness","[259, 261, 260, 225, 131]"
"829bd66e747e61902f22af2c0ff0d4f8090d2242","How do we know the people in the museum aware of Soames' presence?","I don't know.","They stared at him, followed him, and seem afraid of him.","It caused a great stir.","[64, 25, 62, 34, 28]"
"6b1832c46e0b3566463444ec9209b8f1ed6c7ac6","What sparked Rogan to begin firing at Schwimmer?","I don't know.","The inevitable of the game between the Red Sox and the Mets.","Schwimmer was having relations with Rogan's daughter","[63, 17, 85, 11, 64]"
"00fb61fa7bee266ad995e52190ebb73606b60b70","What effect does the spring of Narcissus have on those who drink from it?","I don't know.","Grow enamored of themselves","They become enamoured with themselves.","[115, 114, 122, 120, 87]"
"8bfe5ad8b198f6fcab9472f84b14fd6189d94e34","What is divisible into subject and object?","The consciousness, in as far as it is merely cognitive, is divisible into Subject and Object; the representer and the represented.","Our knowing consciousness","our knowing consciousness ","[457, 145, 426, 146, 333]"
"caf8d1c02839b265efafa097df884f48f1b430e1","What did the townsfolk begin to gossip about?","The townsfolk began to gossip about Hepzibah and Clifford going to their cousin, Judge Pyncheon's country-seat, and the quarrel between Hepzibah and Judge Pyncheon regarding him not providing her with a living. They speculated on the nature of their relationship and the circumstances that led to their departure.","Hepziban and Clifford sudden disappearance.","Hepzibah and clifford sudden disapperance","[127, 89, 28, 714, 231]"
"51f816f54645196b0a8f588f9ae955de103565f7","Where do Michael ad Jack live ?","Michael and Jack live in an apartment.","New York City","New York","[162, 161, 137, 150, 7]"
"86fc18a4b6b2079beea7ee8c92ec1850d24a04e2","When does Ahmed realize he is in love with Diana?","I don't know.","Ahmed realizes he is in love with Diana when she is kid napped by his rival.","when she is kidnapped","[347, 515, 555, 298, 606]"
"caf8d1c02839b265efafa097df884f48f1b430e1","How does the Judge die?","The Judge's death is described as a natural event, and except for some unimportant particulars denoting a slight idiosyncrasy, it is by no means an unusual form of death. It is suggested that this mode of death had been an idiosyncrasy with his family for generations, usually occurring around the time of life the Judge was at, often in the tension of some mental crisis or in an access of wrath.","Sitting in the Colonels chair.","He dies mysteriously in a chair","[758, 745, 677, 592, 693]"
"5806789ebca66b68e86317d0e09b8a433c236280","What does Antonius discover is ravaging Sweden in the Middle Ages?","Antonius discovers that the plague is ravaging Sweden in the Middle Ages.","The plague.","the plague","[55, 115, 7, 9, 37]"
"84419aee286a289ad219d380579e3b92ae2b6679","How does Peter Cable die?","I don't know.","Fall from window","He either jumps out a window or is pushed out.","[132, 87, 109, 108, 117]"
"f91675dfda3bf99e3668a7f1ff06f9eacedaf28c","How are the Southern Appalachian Mountains described?","The Southern Appalachian Mountains are described as covering an area much larger than New England and being nearer the center of the population than any other significant mountains. They feature steep sides that gradually round to the tops, with smooth surfaces due to endless verdure. The ridges are separated by deep and narrow ravines, and the water courses are not easily visible except for distant rivers revealing a shimmering curve. The landscape is characterized by a dreamy blue haze, which softens outlines and creates a mirage-like effect. The foreground in summer is described as warm, soft, dreamy, and habitable, while the remote ranges are seen as lonesome, isolated, and mysterious, all under a green forest mantle that indicates a vital present.","remote and rugged","Remote and rugged.","[17, 70, 504, 537, 7]"
"00fb61fa7bee266ad995e52190ebb73606b60b70","Who awakens Echo?","Mercury (MER) awakens Echo.","Mercury","Mercury","[114, 118, 119, 117, 120]"
"22d1af3e29dc599ec0634fe860359027adea6944","When did Manston kill his wife?","I don't know.","After the wife left the inn.","After she left the inn.","[688, 892, 402, 721, 885]"
"4a92bf273183297c7b9e2a39e4ba9044d0eb1e33","Why is Bobolink eventually eager to help Martin?","Bobolink is eventually eager to help Martin because he took a fancy to Martin from the moment he told him he was sunpurpled, which was different from how others usually began by flattering him.","Martin does not flatter him.","he doesn't flatter Bobolink","[134, 132, 138, 135, 154]"
"22d1af3e29dc599ec0634fe860359027adea6944","Who is Miss aldclyffe?","Miss Aldclyffe is a woman who formed a Ladies' Association and takes particular interest in collecting subscriptions for a religious society she patronizes. She is described as having a considerable importance in the village and is known for her exclusiveness, as she personally unlocks the post-bag each morning instead of delegating the task to the butler. She is also the mistress of the mansion where Cytherea is staying.","the woman who loved cythereas father but was unable to marry him.","Miss Aldclyffe is a woman Cytherea father was in love with.","[282, 128, 372, 179, 180]"
"829bd66e747e61902f22af2c0ff0d4f8090d2242","According to the deal Soames made, how would he find out whether his poetic talent would have been recognized in the future? ","I don't know.","By spending an afternoon in the Reading Room of the British Museum 100 years ahead of his time","By selling his soul to the devil.","[25, 32, 26, 27, 37]"
"9bfa931a5513a490a9cc14f4c5062f5edfbc0f32","Where does the story take place at the beginning?","The story takes place in a dreary, desert place near a windmill.","In Edinburgh, Scotland","Edinburgh, Scotland.","[555, 361, 295, 259, 554]"
"dbc088fbc6dd9efb6b6b7d8821f73eb0f1759db4","Which Cowboy drops his sash and escapes?","I don't know.","Ike.","Ike","[143, 135, 142, 139, 137]"
"7624f5ec68a86da9bc7120192f863e824c675925","What does her father do to try to make her laugh?","Her father sends for folks who walk on stilts, fellows who jump through hoops, boxers, conjurers, jugglers who perform sleight-of-hand tricks, strong men, dancing dogs, leaping clowns, and a donkey that drinks out of a tumbler. He tries first one thing and then another to make her laugh.","Sets up a fountain of oil to make people fall.","sets up a fountain of oil by the door so people will slip and fall","[1, 2, 82, 105, 505]"
"84419aee286a289ad219d380579e3b92ae2b6679","Why did Peter Cable Kill Tom Gruneman?","Peter Cable killed Tom Grunemann because Grunemann discovered him with Jane McKenna, and Cable felt contempt from Grunemann, believing he would use that information against him within the Company.","Tom Gruneman witnessed Peter Cable attacking a prostitute.","Gruneman interrupted him attacking a prostitute","[109, 108, 132, 117, 116]"
"e2fde9209d27595d3436ec97714d2e8a065721c7","Where did J travel in 1969?","I don't know.","Coney island.","Coney Island ","[62, 117, 81, 82, 58]"
"3753ff3da0842f8a1609e3cee8bb506c3b5b63f2","Why did James ask Clayton to kill him? ","Whale asked Clayton to kill him because he wanted to be killed by someone he knew, believing it would make death bearable. He expressed a desire to see death coming at him with a human face, specifically Clayton's face, and thought it would be a great adventure and a war story for both of them to share.","To put him out of his misery. ","to end his torment","[123, 129, 130, 137, 25]"
"e6d47a92b3685cd9e04fcfe5383672de78cd124a","What type of boat did Brody and Ellen take to rescue Mike and his friends?","Brody and Ellen took a police launch to rescue Mike and his friends.","They took the police boat","police boat","[93, 86, 38, 85, 98]"
"5806789ebca66b68e86317d0e09b8a433c236280","What does Death ask Antonius?","Death asks Antonius, ""Have you tricked me?"" and later, ""Are you going to escort the juggler and his wife through the forest? Those whose names are Jof and Mia and who have a small son?""","If Antonius has succeeded in his ""one meaningful deed.""","Did he accomplish his meaningful deed.","[48, 43, 89, 3, 7]"
"f91675dfda3bf99e3668a7f1ff06f9eacedaf28c","Who leads the manhunt in the Sugarlands?","I don't know.","Mr. Quick","Mr. Quick.","[13, 278, 468, 11, 243]"
"808df2952d2a29807de69db8f77608025f667c97","Who conforted Otto when his hand was cut?","I don't know.","Pauline","Baron Henry's daughter, Pauline","[86, 154, 181, 118, 192]"
"1fa32a0798f79e13ca92ae84eda9ab3eb12c70a4","What do Francois and Perrault train Buck to be?","Francois and Perrault train Buck to be a sled dog.","A Sled dog. ","a sled dog","[56, 49, 112, 44, 48]"
"86fc18a4b6b2079beea7ee8c92ec1850d24a04e2","Why does Ahmed mistreat Diana?","I don't know.","He hates English people.","Because she is English","[347, 468, 350, 207, 469]"
"1fa32a0798f79e13ca92ae84eda9ab3eb12c70a4","Where was Buck when Thornton was killed?","Buck was at the desolated camp when Thornton was killed.","on a long hunt","with a wolf pack","[235, 175, 177, 162, 183]"
"8fd8d776e178272a36766df5b6971d4b5dda9d86","What type of hybrid is zog?","Zog is part man, part beast, part fish, part fowl, and part reptile.","man, animal and fish","Man, animal, and fish","[260, 171, 259, 172, 197]"
"8bfe5ad8b198f6fcab9472f84b14fd6189d94e34","When does the law of motivation appear?","The law of motives (motivation) appears when we consider all motives and maxims as data for explaining actions, particularly in the fields of History, Politics, and Pragmatic Psychology. When we investigate those motives and maxims from the point of view of their value and origin, the law of motives becomes the guide to Ethics.","In the fourth aspect.","In the fourth aspect, dealing with actions.","[464, 495, 178, 466, 481]"
"7d64400e2b3306fa27919b8d155ad87bd7d260c7","Who is Short Round?","I don't know.","Indiana's side kick","Indiana Jones's sidekick","[197, 153, 5, 179, 46]"
"bff116935a9696fc3351f49dd8a45a1ad9986458","What is Henriques wifes name?","I don't know.","Violante","Violante.","[96, 165, 158, 104, 34]"
"dd2d1de84e1da738d7e13f2288e75f0ca49dd1f7","What does Claremont find out about Francis?","Claremont received an e-mail containing four social security numbers linked to gentlemen who presented counterfeit California driver's licenses to his company. Frances is one of the four individuals associated with these counterfeit licenses.","He finds out that Francis is the son of a mafia boss. ","That Frances and his brother are sons of a mafia boss ","[107, 2, 42, 45, 87]"
"dd2d1de84e1da738d7e13f2288e75f0ca49dd1f7","Who were the FBI initially led to believe would commit the robbery?","The FBI were initially led to believe that Lateesha's associates, specifically ""he and his three friends,"" were going to hijack an armored truck and walk away with ten million in cash.","Frances Cigluitti, his brother and two other friends","Francis","[92, 95, 14, 108, 101]"
"1fa32a0798f79e13ca92ae84eda9ab3eb12c70a4","What did Buck win from a bonanza king?","I don't know.","gold dust worth $1600","Gold dust","[184, 190, 107, 178, 37]"
"8932752af63261f435156ff18c41d3da39c3d5c6","How did Cedric find out he was the heir to his grandfather's estate? ","I don't know.","Havisham traveled from England to deliver the news","From a lawyer","[286, 245, 9, 82, 155]"
"e2fde9209d27595d3436ec97714d2e8a065721c7","What do K and J encounter at the Factory? ","I don't know.","Griffin","Griffin. ","[103, 63, 60, 102, 73]"
"9fb690b50942bf56dea7067546a01298376a3344","What does Stevens want to happen to him after the mission is over?","I don't know.","To be disconnected from life support.","to be disconnected","[145, 27, 115, 109, 127]"
"22d1af3e29dc599ec0634fe860359027adea6944","Whose sibling is suffering from an illness?","Cytherea's brother, Owen, is suffering from an illness.","Cytherea's brother.","Cytherea","[542, 539, 588, 534, 622]"
"bff116935a9696fc3351f49dd8a45a1ad9986458","Which character works his way into the trust of Bartolus?","_Lopez_ works his way into the trust of Bartolus.","Leandro","Leandro.","[113, 64, 137, 38, 50]"
"8fd8d776e178272a36766df5b6971d4b5dda9d86","What finally defeated zog?","Zog was defeated by his great fear of Anko, which destroyed all of his magic power.","the forces of good","the forces of good","[259, 261, 260, 225, 264]"
"8bfe5ad8b198f6fcab9472f84b14fd6189d94e34","Which specific parts are our knowing consciousness divisible into?","Our knowing consciousness is divisible into that which is known and that which knows.","Subject and object.","Subject and object.","[715, 458, 611, 751, 460]"
"dbc088fbc6dd9efb6b6b7d8821f73eb0f1759db4","Who eventually kills Curly Bill and becomes a US Marshall again?","I don't know.","Wyatt Earp.","Wyatt Earp","[91, 73, 75, 72, 88]"
"4a92bf273183297c7b9e2a39e4ba9044d0eb1e33","How does Martin flatter Bobolink?","Martin flatters Bobolink by telling him that he was thinking it must be very odd to be so purple, and he adds politely that he doesn't suppose Bobolink can help it, suggesting that perhaps he has got sunpurpled instead of sunburned.","He does not ","by not flattering","[134, 132, 138, 137, 133]"
"00fb61fa7bee266ad995e52190ebb73606b60b70","What challenge does Asotus propose to all comers?","I don't know.","""Court Compliment""","to a competition of ""court compliment""","[131, 248, 226, 273, 249]"
"6b1832c46e0b3566463444ec9209b8f1ed6c7ac6","Who is the critic?","The critic is Steven Schwimmer.","The critic is Steven Schwimmer. ","Schwimmer ","[11, 28, 39, 1, 55]"
"90c5a4e276e3f9dec41d7be579052b9327f56197","Where does Josie say she stand and wait for Sam to kiss her?","Josie says she will stand on the pitcher's mound for the five minutes prior to the first pitch.","In the middle of the baseball field.","In the middle of a baseball field","[167, 174, 143, 141, 152]"
"86fc18a4b6b2079beea7ee8c92ec1850d24a04e2","How does Diana feel when Ahmed tells her to leave?","I don't know.","She is upset.","Sad","[347, 572, 144, 89, 479]"
"4a92bf273183297c7b9e2a39e4ba9044d0eb1e33","What does Martin converse with that causes him to become trapped?","Martin becomes trapped by the harsh, shrill, unpleasant voices of unpleasant people who ask him dozens of questions, which overwhelms him and makes him wish to escape from the conversation.","He talks with a fish.","A fish","[148, 146, 156, 154, 145]"
"51f816f54645196b0a8f588f9ae955de103565f7","What was the note refering to?","I don't know.","A newspaper clipping of Jack's friend being hospitlized after being mugged and kidknapped","Mary is Jack's child.","[56, 91, 54, 85, 83]"
"dbc088fbc6dd9efb6b6b7d8821f73eb0f1759db4","How do Wyatt and his brothers make money?","Wyatt and his brothers consider opening their own place to build it up, milk it for all it's worth, and then sell it off for a bundle. They believe this is the real money.","The gambling emporium and saloon","They have a stake in a gambling emporium and saloon.","[43, 23, 78, 130, 136]"
"8fd8d776e178272a36766df5b6971d4b5dda9d86","What does Trot wish to see? ","Trot wishes to see her mother.","A mermaid","mermaid","[68, 59, 50, 7, 192]"
"8bfe5ad8b198f6fcab9472f84b14fd6189d94e34","What cannot become an object for us?","I don't know.","Something single and detached cannot become an object for us. ","Something that exists by itself, independently.","[144, 145, 457, 197, 781]"
"90c5a4e276e3f9dec41d7be579052b9327f56197","What did job did Josie get assigned to do?","I don't know.","To go undercover at a high school.","She has to go undercover at a high school for an article to inform parents about their kids.","[3, 116, 115, 33, 112]"
"8932752af63261f435156ff18c41d3da39c3d5c6","Why does Cedric's grandfather not like his mother?","Cedric's grandfather does not like his mother because he had been convinced that she was a vulgar, mercenary woman due to his disappointment in his other sons and his anger over Captain Errol's American marriage. He had never once thought that anything creditable could come from it. However, Mr. Havisham, the lawyer, realizes that she married Captain Errol out of love, not for any advantage of being an earl's son.","Because she is an American and not an aristocrat","because she was an american ","[155, 53, 36, 82, 90]"
"1fa32a0798f79e13ca92ae84eda9ab3eb12c70a4","Who was Buck's very first owner in the story?","I don't know.","Judge Miller.","Judge Miller","[37, 209, 184, 178, 38]"
"86fc18a4b6b2079beea7ee8c92ec1850d24a04e2","What nationality is Ahmed's mother?","Ahmed's mother was a Spanish lady.","She is Spanish.","His mother was Spanish.","[524, 530, 521, 539, 518]"
"8fd8d776e178272a36766df5b6971d4b5dda9d86","What is the name of the villain?","The name of the villain is Zog.","Zog the magician","Dog the magician.","[130, 174, 270, 182, 263]"
"3753ff3da0842f8a1609e3cee8bb506c3b5b63f2","What do Boone and his son watch on TV?","Boone and his son watch a movie featuring a blind man and a monster sharing a meal.","The Bride of Frankenstein.","The Bride of Frankenstein.","[135, 60, 68, 91, 90]"
"7624f5ec68a86da9bc7120192f863e824c675925","How was the slave queen punished?","The slave was seized and cast alive onto a large burning pile of wood, and her ashes were thrown from the top of the castle to all the winds of Heaven.","buried in the ground and left to die","She was buried in the ground while pregnant.","[596, 588, 597, 592, 575]"
"f91675dfda3bf99e3668a7f1ff06f9eacedaf28c","Why do Mr. & Mrs. Ferris venture across the smokies?","Mr. and Mrs. Ferriss ventured across the Smokies to explore the area and collect rare species of snails and ferns.","to find plant species","to find and collect new plant growth","[78, 82, 80, 299, 77]"
"51f816f54645196b0a8f588f9ae955de103565f7","After he realized their mistake, what did Peter give to the drug dealers?","Peter took the package from his pocket and was about to grab the basket to give to the drug dealers, indicating that he had the other package they were supposed to take.","A can of powdered milk.","powdered milk","[68, 61, 97, 84, 62]"
"51f816f54645196b0a8f588f9ae955de103565f7","What arrives on their doorstep?","A package arrives on their doorstep.","A Baby","a baby","[81, 57, 80, 60, 59]"
"9fb690b50942bf56dea7067546a01298376a3344","Where do Stevens and Christina walk to towards the end of the story?","I don't know.","Downtown Chicago?","They walk towards the Cloud Gate. a sculpture","[171, 69, 142, 96, 129]"
"9fb690b50942bf56dea7067546a01298376a3344","What downtown Chicago sculpture is featured towards the end of the story?","I don't know.","The Cloud Gate","Cloud Gate","[170, 163, 79, 165, 88]"
"3753ff3da0842f8a1609e3cee8bb506c3b5b63f2","Who does Whale live with?","Whale lives with his mother, Sarah Whale, and three younger brothers. Additionally, Hanna is present in the house, assisting him.","His housekeeper Hanna.","Hanna","[9, 23, 67, 114, 101]"
"829bd66e747e61902f22af2c0ff0d4f8090d2242","What is the payment for the deal made?","The payment for the deal made is a royalty fee of 20% of the gross profits derived from the use of Project Gutenberg-tm works.","Possession of Soames' soul","Soames's soul","[79, 82, 72, 80, 45]"
"7d64400e2b3306fa27919b8d155ad87bd7d260c7","Who tells shorty how to get out of the mines?","The Maharajah tells Short Round to take the left tunnel to get out.","The Maharajah","The Maharajah","[196, 188, 182, 197, 186]"
"f91675dfda3bf99e3668a7f1ff06f9eacedaf28c","What does Kephart explore in the first chapter of the story?","I don't know.","Kephart explores the Appalachian Mountains and it's people.","He explores the South Appalachian Mountains.","[136, 290, 384, 1, 280]"
"e2fde9209d27595d3436ec97714d2e8a065721c7","In what year did Boris attacked K on the beach?","I don't know.","Boris attacked K In 1969.","1969","[75, 28, 31, 67, 29]"
"36cdfca4aa4ecf0692b4c17f8fdc5c22dcf4d2e5","Who is Stella?","I don't know.","Stella is Uri's accountant and the object of his affection.","She is Uri's accountant","[84, 164, 24, 48, 23]"
"8fd8d776e178272a36766df5b6971d4b5dda9d86","Who is Trot's companion in the story?","Trot's companion in the story is Cap'n Bill.","Cap'n Bill Weedles","Cap'n Bill","[7, 192, 68, 266, 129]"
"dd2d1de84e1da738d7e13f2288e75f0ca49dd1f7","Which one of Claremont's bounty hunters survived the aftermath of the robbery?","I don't know.","Domino","Alf","[108, 44, 67, 107, 182]"
"90c5a4e276e3f9dec41d7be579052b9327f56197","Where was Josie waiting for Sam arrive to kiss her?","Josie was waiting on the pitcher's mound for Sam to arrive to kiss her.","Middle of the baseball field","In the middle of a baseball field.","[151, 79, 167, 143, 78]"
"4a92bf273183297c7b9e2a39e4ba9044d0eb1e33","How did the Princess avoid speaking on her way to the waterfall?","The Princess avoided speaking on her way to the waterfall by stopping up her ears with cotton wool, which she believed would prevent her from hearing anyone talking to her.","she stuffed cotton in her ears","Stuffs her ears with Cotton ","[155, 186, 154, 217, 182]"
"dd2d1de84e1da738d7e13f2288e75f0ca49dd1f7","Where was there a shootout over the money?","The shootout over the money took place in the Nevada desert, specifically at the Fender Compound near the Chicken Ranch.","At the getaway driver's mother's trailer. ","At Locas Fender's mother's trailer","[108, 101, 15, 157, 14]"
"485b86c3ffec91e89fbc846985944adc0cf73c80","How is Isabel Brodrick related to Indefer Jones?","Isabel Brodrick is the niece of Indefer Jones.","She is his neice.","His niece.","[15, 30, 420, 13, 284]"
"22d1af3e29dc599ec0634fe860359027adea6944","Whose hand does Grayes reluctantly take in marriage? ","I don't know.","Aeneas Manston","Aeneas Manston.","[545, 462, 9, 341, 366]"
"5806789ebca66b68e86317d0e09b8a433c236280","What does the Knight hope to prolong by playing chess?","The Knight hopes to prolong his life as long as he holds out against Death in their chess game. If he wins, he expects to be released.","His own death.","his death","[5, 47, 48, 88, 7]"
"7624f5ec68a86da9bc7120192f863e824c675925","Where are the tears?","The tears are weeping from the fountain, which is described as ""weeping tears of crystal."" Additionally, the character Zoza is weeping into a pitcher, imitating the fountain to make ""two little fountains of her eyes.""","The tears were taken and the woman put the rest of the tears in and took the prince for herself.","in a pitcher","[9, 485, 10, 6, 484]"
"51f816f54645196b0a8f588f9ae955de103565f7","What is the landlady's name?","The landlady's name is Mrs. Razzolini.","Mrs. Hathaway","Mrs. Hathaway","[28, 107, 110, 112, 109]"
"5806789ebca66b68e86317d0e09b8a433c236280","Why does Antonius want the woman to summon Satan?","I don't know.","To ask Satan about God.","So he can ask Satan about God.","[51, 52, 96, 97, 60]"
"e6d47a92b3685cd9e04fcfe5383672de78cd124a","Which character sacrafices herself?","I don't know.","Marge","Marge.","[106, 92, 107, 109, 110]"
"dbc088fbc6dd9efb6b6b7d8821f73eb0f1759db4","What town do Wyatt, Virgil and Morgan head out to after meeting in Tucson?","I don't know.","Tombstone.","Tombstone.","[100, 81, 41, 25, 45]"
"36cdfca4aa4ecf0692b4c17f8fdc5c22dcf4d2e5","Who did Victor suspect actually stole Uri's money?","Victor suspected that Lenny was trying to make a fool out of Uri.","Lenny","Lenny","[18, 119, 163, 118, 164]"
"86fc18a4b6b2079beea7ee8c92ec1850d24a04e2","What nationality was Ahmed's mother?","I don't know.","Spanish","His mother was Spanish.","[530, 524, 521, 523, 539]"
"9bfa931a5513a490a9cc14f4c5062f5edfbc0f32","What did David do at the University of Leyden?","I don't know.","He studied law.","study law","[210, 494, 457, 436, 473]"
"bff116935a9696fc3351f49dd8a45a1ad9986458","Why does Jamie want to kill his brother?","Jamie wants to kill his brother, Henriques, because he believes that by doing so, he would become the undoubted heir to the estate, as Henriques has no child and the laws of Spain would appoint him as the heir if Henriques dies without issue.","To get to his inheritance","He was asked by Violante, and doing so would give him the family fortune.","[148, 2, 111, 147, 8]"
"caf8d1c02839b265efafa097df884f48f1b430e1","What did Matthew do as he died?","At the moment of execution, while the halter was about his neck, Matthew Maule addressed Colonel Pyncheon from the scaffold and uttered a prophecy, saying, ""God will give him blood to drink!"" while pointing his finger at Pyncheon with a ghastly look.","He put a curse on the Pyncheon.","laid a curse on the family","[26, 474, 54, 29, 70]"
"00fb61fa7bee266ad995e52190ebb73606b60b70","Where is Narcissus's spring?","Narcissus's spring is at the fountain of self-love.","Gargaphie Valley Greece.","Gargaphie ","[115, 114, 118, 87, 107]"
"8932752af63261f435156ff18c41d3da39c3d5c6","Where does Cedric's grandfather want him to live? ","Cedric's grandfather wants him to live in England.","England","England","[155, 36, 82, 293, 101]"
"829bd66e747e61902f22af2c0ff0d4f8090d2242","What is unique about the phonetic spelling of the 'future' article that discussed Beerbohm's story? ","The unique aspect of the phonetic spelling in the article is that it uses a deliberately misspelled and phonetic representation of English words, such as ""Inglish Littracher"" for ""English Literature"" and ""labud"" for ""labored."" This style reflects a satirical and informal approach to the language, mimicking a less educated or more colloquial form of writing.","The spelling of most words is modified, presumably because of the change of language with time","The English lanuage has evolved.","[57, 56, 41, 1, 7]"
"90c5a4e276e3f9dec41d7be579052b9327f56197","Where does Josie wait for Sam to kiss her?","Josie waits on the pitcher's mound for Sam to kiss her.","middle of the baseball field","In the middle of a baseball field","[167, 143, 78, 174, 79]"
"3753ff3da0842f8a1609e3cee8bb506c3b5b63f2","Who are the two ""monsters"" mentioned in the story?","I don't know.","Boris Karloff and Elsa Lanchester","Boris Karloff and Elsa Lanchester","[66, 69, 1, 70, 133]"
"51f816f54645196b0a8f588f9ae955de103565f7","What does Peter discover about Jack's director friend on the news?","I don't know.","He was mugged","he's in the hospital ","[117, 107, 150, 7, 15]"
"4a92bf273183297c7b9e2a39e4ba9044d0eb1e33","Why did Martin become conversation?","I don't know.","he got distracted and spoke to a fish","he talks to a fish","[141, 145, 148, 146, 144]"
"90c5a4e276e3f9dec41d7be579052b9327f56197","What does Josie admit when she writes her story?","Josie admits that she is twenty-five years old and has never really kissed a guy, describing herself as a geek to the core who spent most of her childhood years doing extra homework she requested from the teacher.","She's never been kissed","She's never been kissed","[148, 159, 152, 33, 156]"
"e6d47a92b3685cd9e04fcfe5383672de78cd124a","What were the two divers taking a photo of when they were attacked?","The two divers were taking photos of the wreck of the working fisherman's boat ""ORCA"" and the abandoned cabin.","The Orca","a white shark","[3, 79, 82, 63, 85]"
"bff116935a9696fc3351f49dd8a45a1ad9986458","Which character is the heir to their fathers estate?","_Don Jamie_ inherits his father's estate if he dies without issue.","Henrique","jamie","[2, 35, 1, 94, 125]"
"08ac6c0dca91fee93d27c7caf85bb57e17d4fc46","What year did this story take place?","I don't know.","1976","1976","[13, 196, 51, 49, 276]"
"4a92bf273183297c7b9e2a39e4ba9044d0eb1e33","How long does Martin say he will be gone?","In four weeks from now.","Martin says he will be gone 4 weeks.","Four weeks","[131, 154, 162, 129, 136]"
"6b1832c46e0b3566463444ec9209b8f1ed6c7ac6","Why did the Red Sox lose game six?","I don't know.","Due to an unexpected pair of errors in the final inning.","A pair of errors in the final inning","[109, 35, 98, 108, 96]"
"7624f5ec68a86da9bc7120192f863e824c675925","What does the slave queen threaten to do to their unborn baby?","I don't know.","crush it","crush it.","[596, 588, 575, 597, 484]"
"4a92bf273183297c7b9e2a39e4ba9044d0eb1e33","Who does Bobolink tell Martin not to talk to?","Bobolink tells Martin not to talk loudly and to keep perfectly quiet when speaking to the pine dwarfs.","The pine dwarfs","pine dwwarves","[134, 132, 138, 135, 133]"
"8bfe5ad8b198f6fcab9472f84b14fd6189d94e34","What is the second aspect?","I don't know.","Concepts","concepts or abstract representations","[874, 237, 239, 112, 246]"
"8932752af63261f435156ff18c41d3da39c3d5c6","Where does Benjamin move?","Benjamin moves to a cattle ranch in California.","To California","California ","[381, 384, 342, 382, 19]"
"dbc088fbc6dd9efb6b6b7d8821f73eb0f1759db4","Who is the leader of The Cowboys?","I don't know.","Curly Bill.","Curly Bill.","[46, 15, 142, 112, 130]"
"4a92bf273183297c7b9e2a39e4ba9044d0eb1e33","Who was able to satisfy the Princess?","I don't know.","the Toymaker","Playing with the bes toys","[168, 122, 171, 155, 25]"
"e2fde9209d27595d3436ec97714d2e8a065721c7","Where is Boris the Animal from ?","I don't know.","the Moon","A maximum security prison on the moon","[25, 45, 104, 84, 44]"
"86fc18a4b6b2079beea7ee8c92ec1850d24a04e2","When does Diana realize she is in love with Ahmed?","I don't know.","Diana realizes she is in love with Ahmed when he recaptures her from his rival who kidnapped her.","After she's recaptured","[347, 524, 515, 555, 606]"
"829bd66e747e61902f22af2c0ff0d4f8090d2242","How long was Soames in the future?","I don't know.","One afternoon.","About 4 hours and 50 minutes in the afternoon.","[66, 46, 48, 64, 25]"
"485b86c3ffec91e89fbc846985944adc0cf73c80","What does Henry do?","Cousin Henry sits for an hour, paralyzed by the weight of his sorrow, repeating to himself that no man had ever been used so cruelly. He then takes his hat and strolls out towards the cliffs, feeling incapable of collecting his thoughts and aware that he must determine on some course of action.","he is a clerk","Returns to his job in London.","[373, 248, 378, 16, 222]"
"9fb690b50942bf56dea7067546a01298376a3344","In what guise does Stevens call his estranged father?","I don't know.","As a fellow soldier.","a soldier","[113, 90, 112, 115, 106]"
"e2fde9209d27595d3436ec97714d2e8a065721c7","Who will comment a murder there?","I don't know.","Boris.","Boris","[31, 40, 74, 11, 3]"
"9bfa931a5513a490a9cc14f4c5062f5edfbc0f32","What is David studying in Holland?","David is planning to study to become an advocate at the college of Leyden in Holland.","Law","law","[429, 412, 380, 210, 444]"
"8bfe5ad8b198f6fcab9472f84b14fd6189d94e34","What follows a cause?","An effect follows a cause.","The effect.","The effect.","[149, 151, 172, 481, 154]"
"e6d47a92b3685cd9e04fcfe5383672de78cd124a","Which of Mike's two friends were trapped on the boat trying to get to Cable Junction Island?","I don't know.","Sean and Jackie","Jackie","[96, 97, 41, 107, 23]"
"caf8d1c02839b265efafa097df884f48f1b430e1","Who did Maule laid a curse on?","Maule laid a curse on the old Puritan Pyncheon.","Pyncheon family.","Pyncheon family","[71, 527, 518, 474, 530]"
"e6d47a92b3685cd9e04fcfe5383672de78cd124a","How does the shark die?","The shark dies after it bites down on a thick cable, which then splits and exposes a live copper core. When the shark clamps harder onto the cable, hundreds of thousands of volts surge through its body, causing it to leap and convulse before it dies.","It bites a cable and is fatally electrocuted","He was electrocuted to death.","[120, 32, 104, 82, 103]"
"f91675dfda3bf99e3668a7f1ff06f9eacedaf28c","In what state are the Sugarlands?","I don't know.","Tennessee","Tennessee. ","[38, 432, 537, 431, 35]"
"808df2952d2a29807de69db8f77608025f667c97","What are some important themes mentioned in this story?","Some important themes mentioned in this story include the contrast between good and evil, the impact of societal violence and conflict, the innocence and vulnerability of childhood, the preservation of truth and goodness in dark times, and the struggles of the lower classes against the oppressive actions of the nobility.","The themes of loyalty, revenge, and love","Be responsible,keep your word and be wise and peaceful.","[3, 84, 142, 87, 129]"
"6b1832c46e0b3566463444ec9209b8f1ed6c7ac6","Where does Rogan re-watch the game?","I don't know.","In Steven Schwimmer's apartment","In the critic's apartment ","[96, 71, 1, 94, 97]"
"7624f5ec68a86da9bc7120192f863e824c675925","What is the name of the princess in the frame story?","I don't know.","Zoza","Zoza","[33, 213, 589, 598, 113]"
"1fa32a0798f79e13ca92ae84eda9ab3eb12c70a4","Who saves Buck from Hal, Charles, and Mercedes?","John Thornton saves Buck from Hal, Charles, and Mercedes.","Thorton. ","Thornton","[162, 161, 136, 139, 177]"
"829bd66e747e61902f22af2c0ff0d4f8090d2242","Where do Soames and Beerbohm meet for lunch?","Soames and Beerbohm meet for lunch at the Vingtieme.","Restaurant du Vingtieme Siecle","At the Restaurant du Vingtieme Siecle.","[35, 39, 46, 42, 9]"
"8932752af63261f435156ff18c41d3da39c3d5c6","What does the Earl offer to Cedrics mother?","The Earl offers to have Cedric's mother come to live with them at the Castle.","Money and a house","A house and guaranteed income.","[82, 261, 90, 383, 53]"
"86fc18a4b6b2079beea7ee8c92ec1850d24a04e2","What happens that prolongs Diana's trip into the desert?","Diana's trip into the desert is prolonged because she finds a well that is very much silted up and she sets to work to clear it as well as she can to procure enough water for herself and her horse, Silver Star.","She is kidnapped.","She is kidnapped by a rival Sikh.","[389, 64, 47, 269, 270]"
"e2fde9209d27595d3436ec97714d2e8a065721c7","What type of story is this?","I don't know.","science fiction","Fictional","[110, 87, 58, 89, 88]"
"6b1832c46e0b3566463444ec9209b8f1ed6c7ac6","Who are the Boston Red Sox playing?","The Boston Red Sox are playing against the Mets.","The New York Mets","The New York Mets.","[109, 96, 35, 108, 97]"
"e2fde9209d27595d3436ec97714d2e8a065721c7","What was the alien name?","I don't know.","His name was Griffin.","Boris the Animal","[65, 36, 64, 66, 11]"
"6b1832c46e0b3566463444ec9209b8f1ed6c7ac6","Who is Nicky Rogan? ","Nicky Rogan is a character who is involved in the theater world and is facing personal and professional challenges, including the pressure of a review from a powerful critic named Steven Schwimmer. He is also depicted as a family man with a wife and daughter.","Nicky Rogan is a successful play writer. ","a platwright","[11, 67, 86, 29, 83]"
"00fb61fa7bee266ad995e52190ebb73606b60b70","Who announces the events that are to come to the dismay of the others on stage?","I don't know.","Anaides","Anaides","[89, 98, 269, 186, 181]"
"808df2952d2a29807de69db8f77608025f667c97","Why did Baroness Matillda went into premature labor?","I don't know.","Because she saw her husband's battle wounds","Because of the sight of her husbands battle wounds","[39, 31, 46, 30, 47]"
"51f816f54645196b0a8f588f9ae955de103565f7","What did the note say that Peter discovered?","The note said: ""NEXT TIME WE TAKE HER.""","""Dont"" let this happen to you""","That the baby's father is Jack","[78, 44, 82, 77, 86]"
"8fd8d776e178272a36766df5b6971d4b5dda9d86","Who holds Cap'n Bill and Trot prisoner?","I don't know.","Zog and his sea devils","Zog.","[7, 266, 15, 43, 192]"
"dd2d1de84e1da738d7e13f2288e75f0ca49dd1f7","Why does Claremont need a large sum of money?","Claremont needs a large sum of money because he is offering to track down and deliver the crooks who robbed Bishop for a finder's fee of $300,000. Additionally, if he cannot deliver them, his theft insurance policy will have to pay out ten million dollars, which would take six to eight months due to Nevada state law.","Lateesha's granddaughter needs an operation.","for her granddaughter's operation","[182, 108, 87, 164, 107]"
"bff116935a9696fc3351f49dd8a45a1ad9986458","Who is the younger brother?","The younger brother is Don Jamie.","Don Jamie","Jamie","[5, 2, 94, 1, 35]"
"86fc18a4b6b2079beea7ee8c92ec1850d24a04e2","Where does Diana want to travel to at the beginning of the story?","Diana is preparing for an early start to travel into the desert.","the desert","desert","[47, 60, 291, 264, 389]"
"8932752af63261f435156ff18c41d3da39c3d5c6","What is the title Cedric inherits? ","Cedric inherits the title of Earl of Dorincourt.","Lord Flaunteroy","Lord Fauntleroy.","[9, 90, 143, 245, 82]"
"8bfe5ad8b198f6fcab9472f84b14fd6189d94e34","Who is the translator of Schopenhauer's work?","The translator of Schopenhauer's work is not explicitly named in the provided context.","E. F. J. Payne is the translator. ","E.F.J. Payne","[5, 7, 13, 39, 33]"
"bff116935a9696fc3351f49dd8a45a1ad9986458","Violante tries to have who murdered?","I don't know.","Henrique and Ascanio","Henrique and Ascanio","[160, 162, 87, 144, 161]"
"4a92bf273183297c7b9e2a39e4ba9044d0eb1e33","What did Martin and Petulant do after their adventure?","After their adventure, Martin and Princess Petulant spun their tops before the whole court and told the story of their adventures. They never visited the Wonderful Toymaker again, and Martin never became Prime Minister; instead, he became King after marrying Princess Petulant when he was grown up.","told a Royal Historian their story","Tell the story to the Royal Historian","[160, 162, 154, 156, 164]"
"8932752af63261f435156ff18c41d3da39c3d5c6","How is the Earl of Dorincourt related to the young Earl?","The Earl of Dorincourt is the grandfather of the young Earl, Cedric.","That is his Grandfather","He is the young Earl's grandfather","[49, 361, 353, 355, 247]"
"8bfe5ad8b198f6fcab9472f84b14fd6189d94e34","How many total aspects are there in this priciple?","There are four aspects in the Principle of Sufficient Reason, referred to as its Fourfold Root.","There are four total aspects. ","Four.","[496, 361, 133, 72, 112]"
"bff116935a9696fc3351f49dd8a45a1ad9986458","What is Ascanio's mother's name?","I don't know.","Jacinta","Jacinta.","[110, 111, 28, 26, 4]"
"22d1af3e29dc599ec0634fe860359027adea6944","Where does Aeneas Manston commit suicide?","Aeneas Manston committed suicide in his cell, where he hung himself behind the door.","His cell","in his cell","[970, 853, 957, 470, 932]"
"dbc088fbc6dd9efb6b6b7d8821f73eb0f1759db4","What city do the three brothers settle down?","The three brothers settle down in Tombstone.","Tombstone","Tombstone.","[44, 43, 42, 118, 11]"
"51f816f54645196b0a8f588f9ae955de103565f7","According to the note, who is Mary's father?","I don't know.","Jack.","Jack","[131, 78, 23, 44, 122]"
"36cdfca4aa4ecf0692b4c17f8fdc5c22dcf4d2e5","What alerted Archy to Lenny's double-dealing with police?","Archy became suspicious of Lenny's double-dealing when he read the letters from Handsome Bob and wondered if Lenny could be the informer sending everyone around him down.","He saw the fake name of Sydney Shaw he knew was used by Lenny on police informant documents.","Lenny","[155, 50, 152, 150, 133]"
"e2fde9209d27595d3436ec97714d2e8a065721c7","What is the Arcnet to be attached to ?","I don't know.","Apollo 11","The Tower ","[91, 109, 114, 93, 119]"
